test_loss,test_accuracy,epoch,step
4.318027973175049,0.0062103974632918835,0,0
