test_loss,test_accuracy,epoch,step
4.223393440246582,0.0040544490329921246,0,0
