test_loss,test_accuracy,epoch,step
4.415760040283203,0.008010512217879295,0,0
