test_loss,test_accuracy,epoch,step
4.364107131958008,0.0017101094126701355,0,0
