test_loss,test_accuracy,epoch,step
4.270975589752197,0.006048386916518211,0,0
