test_loss,test_accuracy,epoch,step
4.147418022155762,0.5914098620414734,0,0
