test_loss,test_accuracy,epoch,step
4.308812141418457,0.006702170707285404,0,0
