test_loss,test_accuracy,epoch,step
4.369510650634766,0.005770326592028141,0,0
