test_loss,test_accuracy,epoch,step
4.2676310539245605,0.004482286982238293,0,0
