test_loss,test_accuracy,epoch,step
4.367918968200684,0.0020694814156740904,0,0
