test_loss,test_accuracy,epoch,step
4.416944980621338,0.006642424967139959,0,0
