test_loss,test_accuracy,epoch,step
4.302964687347412,0.006309365388005972,0,0
