test_loss,test_accuracy,epoch,step
4.3303303718566895,0.00480630761012435,0,0
