test_loss,test_accuracy,epoch,step
4.380542755126953,0.005076325032860041,0,0
