test_loss,test_accuracy,epoch,step
4.199654579162598,0.009576613083481789,0,0
