test_loss,test_accuracy,epoch,step
4.403234481811523,0.011880760081112385,0,0
